id;name;login_id;date_of_onboarding;pan;first_name;last_name;middle_name;status;location
1;mobile Fish;Home Loan Account Table Computer;Trace;Savings Account alarm;Akeem;Bednar;transmitter Implementation Electronics;Soap methodology Albania;Home Namibia
2;Steel zero administration;Multi-channelled Licensed;grey Cambridgeshire;Canyon HDD;Marilou;Dach;Small Frozen Sausages Planner;envisioneer Music Public-key;infomediaries
3;Investment Account;Games Regional Digitized;copy convergence;Mayotte;Christine;Bartell;synthesizing Views e-enable;Credit Card Account National Awesome;Aruba
4;software scale interactive;Louisiana Specialist Home Loan Account;Plastic;Car Industrial deliverables;Godfrey;Dooley;Books;magenta monitor 1080p;Unbranded Plastic Tuna Frozen
5;generating Highway Ergonomic;moratorium moratorium;New York tangible Mississippi;Frozen bus;Noemi;Reichert;Robust Networked;Poland;Small partnerships
6;Outdoors;Harbor Montana;Corporate Phased relationships;white Brand Money Market Account;Maude;Crooks;Web virtual deposit;Squares mint green e-business;Ghana back-end National
7;Direct;Profit-focused;Jewelery cutting-edge;Games;Johnathon;Lesch;Bedfordshire Bahamian Dollar;24/7;Gloves sky blue Oklahoma
8;robust Engineer;Exclusive Moroccan Dirham card;zero tolerance;mission-critical;Weston;Kuvalis;Small Plastic Pants Investor;Canadian Dollar;Berkshire Designer
9;Credit Card Account;navigate;Re-contextualized;web-enabled invoice withdrawal;Kailee;Schultz;optical;installation;Argentine Peso
10;Kentucky Algerian Dinar Clothing;open-source turn-key;Sausages;disintermediate Cambridgeshire hacking;Mariah;Hayes;Concrete Global SMS;Profound;parsing
